record_id,source_name,source_version,source_type,source_status,clause_or_page,requirement_summary,normative_strength,applicable_actor,commodity_scope,geography_scope,producer_or_system_scope,taxonomy_id,category_name,metric_layer,pressure_state_response,spatial_scale,time_horizon,metric_or_evidence,unit,baseline_rule,threshold_or_trajectory,direction_of_improvement,data_source,protocol,monitoring_frequency,assurance_method,equivalence_code,brazil_relevance,biome_relevance,legal_relationship,rights_or_equity_safeguard,cobenefit_links,estimated_burden,evidence_confidence,gaming_or_perverse_incentive_risk,gap_or_conflict,candidate_program_treatment,reviewer,review_status,notes
RTRS-1.1,RTRS Standard for Responsible Soy Production,4.0,production standard,current supplied version; recheck before release,"1.1.1–1.1.2, p.6",Awareness of and compliance with applicable local and national legislation.,shall,producer,soy,global; apply Brazil interpretation/law,producer,B14,Governance traceability assurance and rights,A safeguard,response,property,annual unless stated,legal register; public data; interviews; field observations,pass/fail,current law,compliant,avoid harm / improve,records and official data,source clause plus program metric specification,annual/event,independent audit,E2,high,all; triggers vary,apply strictest law; legal review required,rights screen and accessible grievance required,climate; water; soil; livelihoods as applicable,medium,high,medium,,required safeguard,desk research,desk reviewed; dual/legal review pending,
RTRS-1.2.1,RTRS Standard for Responsible Soy Production,4.0,production standard,current supplied version; recheck before release,"1.2.1, p.7",Documented evidence of rights to use land.,shall,producer,soy,global; apply Brazil interpretation/law,producer,B14,Governance traceability assurance and rights,A safeguard,response,property,annual unless stated,land-use-right evidence and conflict screen,pass/fail,current status,demonstrable and no unresolved material rights conflict,avoid harm / improve,official records; stakeholder evidence,source clause plus program metric specification,annual/event,audit plus stakeholder consultation,E2,high,all; triggers vary,apply strictest law; legal review required,rights screen and accessible grievance required,climate; water; soil; livelihoods as applicable,medium,high,medium,,required safeguard,desk research,desk reviewed; dual/legal review pending,
RTRS-1.3,RTRS Standard for Responsible Soy Production,4.0,production standard,current supplied version; recheck before release,"1.3.1–1.3.3, p.7","Identify improvement aspects, establish baselines, monitor and act.",shall,producer,soy,global; apply Brazil interpretation/law,producer,B14,Governance traceability assurance and rights,B pressure/practice,response,property,annual unless stated,selected indicators and monitoring results,various,first certification,continuous improvement,avoid harm / improve,farm records,source clause plus program metric specification,annual,internal monitoring reviewed by auditor,E4,high,all; triggers vary,apply strictest law; legal review required,rights screen and accessible grievance required,climate; water; soil; livelihoods as applicable,medium,high,medium,,core universal,desk research,desk reviewed; dual/legal review pending,
RTRS-3.2,RTRS Standard for Responsible Soy Production,4.0,production standard,current supplied version; recheck before release,"3.2, pp.18–19",Traditional land-user rights and disputes must be addressed.,shall,producer,soy,global; apply Brazil interpretation/law,producer,B14,Governance traceability assurance and rights,A safeguard,response,property/landscape,annual unless stated,rights due diligence; agreement; grievance,pass/fail,current status,no rights violation,avoid harm / improve,records; stakeholder consultation,source clause plus program metric specification,annual/event,independent audit,E3,high,all; triggers vary,apply strictest law; legal review required,rights screen and accessible grievance required,climate; water; soil; livelihoods as applicable,medium,high,medium,,required safeguard,desk research,desk reviewed; dual/legal review pending,
RTRS-4.1,RTRS Standard for Responsible Soy Production,4.0,production standard,current supplied version; recheck before release,"4.1.1–4.1.4, pp.21–22",Assess on- and off-site social/environmental impacts; implement reviewable measures.,shall,producer,soy,global; apply Brazil interpretation/law,producer,B14,Governance traceability assurance and rights,B pressure/practice,response,property/landscape,annual unless stated,impact assessment and mitigation plan,pass/fail + actions,before expansion/change,material impacts mitigated,avoid harm / improve,assessment; stakeholder input,source clause plus program metric specification,before change; review,independent audit,E4,high,all; triggers vary,apply strictest law; legal review required,rights screen and accessible grievance required,climate; water; soil; livelihoods as applicable,medium,high,medium,,core universal,desk research,desk reviewed; dual/legal review pending,
RTRS-4.4.2,RTRS Standard for Responsible Soy Production,4.0,production standard,current supplied version; recheck before release,"4.4.2, p.25","No conversion after 3 June 2016 in natural land, steep slopes, or legally designated conservation/social/cultural protection areas.",shall,producer,soy,global; apply Brazil interpretation/law,producer,B1,Conversion deforestation and land-use change,A safeguard,pressure,property,annual unless stated,post-cutoff conversion screen,ha; pass/fail,3 Jun 2016,zero conversion,avoid harm / improve,remote sensing; records,source clause plus program metric specification,annual/event,independent geospatial audit,E2,high,all; triggers vary,apply strictest law; legal review required,rights screen and accessible grievance required,climate; water; soil; livelihoods as applicable,medium,high,medium,,required safeguard,desk research,desk reviewed; dual/legal review pending,Program default is no later than 31 Dec 2020; preserve stricter/earlier claim-specific cutoff.
RTRS-4.5.1,RTRS Standard for Responsible Soy Production,4.0,production standard,current supplied version; recheck before release,"4.5.1, p.25","Farm map shows native vegetation, production areas, and watercourses.",shall,producer,soy,global; apply Brazil interpretation/law,producer,B2,Habitat extent and protection,A safeguard,state,property,annual unless stated,complete geospatial farm map,% mapped,current boundary,100% relevant features mapped,avoid harm / improve,GIS; farm map,source clause plus program metric specification,annual/update,geospatial audit,E2,high,all; triggers vary,apply strictest law; legal review required,rights screen and accessible grievance required,climate; water; soil; livelihoods as applicable,medium,high,medium,,required safeguard,desk research,desk reviewed; dual/legal review pending,
RTRS-4.5.2,RTRS Standard for Responsible Soy Production,4.0,production standard,current supplied version; recheck before release,"4.5.2, pp.25–26",Implement and monitor plan maintaining native vegetation and wildlife with indicators and baseline.,shall,producer,soy,global; apply Brazil interpretation/law,producer,B3,Habitat condition and integrity,C state/condition,state,property,annual unless stated,habitat/wildlife plan implementation and condition indicator,index; % actions,first verified condition,stable or improving,avoid harm / improve,field/GIS; plan records,source clause plus program metric specification,annual actions; 2–3y condition,audit + field sample,E3,high,all; triggers vary,apply strictest law; legal review required,rights screen and accessible grievance required,climate; water; soil; livelihoods as applicable,medium,high,medium,,core universal,desk research,desk reviewed; dual/legal review pending,
RTRS-4.5.3,RTRS Standard for Responsible Soy Production,4.0,production standard,current supplied version; recheck before release,"4.5.3, p.26","Protect endemic, rare, threatened, or endangered species; no hunting or collecting.",shall,producer,soy,global; apply Brazil interpretation/law,producer,B6,Species and populations,A safeguard,state,property,annual unless stated,risk screen; incidents; protection measures,pass/fail,current occurrence/risk,zero prohibited incidents,avoid harm / improve,records; surveys; stakeholder evidence,source clause plus program metric specification,annual/event,audit/field checks,E2,high,all; triggers vary,apply strictest law; legal review required,rights screen and accessible grievance required,climate; water; soil; livelihoods as applicable,medium,high,medium,,required safeguard,desk research,desk reviewed; dual/legal review pending,
RTRS-4.5.4,RTRS Standard for Responsible Soy Production,4.0,production standard,current supplied version; recheck before release,"4.5.4, p.26",Farms with less than 10% native vegetation implement/promote conservation and restoration activities.,shall when triggered,producer,soy,global; apply Brazil interpretation/law,producer,B5,Restoration and regeneration,C state/condition,response,property/landscape,annual unless stated,conservation/restoration area and progress,ha; condition,first verified measurement,implemented and improving,avoid harm / improve,GIS; field plots,source clause plus program metric specification,annual; 2–3y condition,audit + field sample,E3,high,all; triggers vary,apply strictest law; legal review required,rights screen and accessible grievance required,climate; water; soil; livelihoods as applicable,medium,high,medium,,core conditional,desk research,desk reviewed; dual/legal review pending,
RTRS-5.1,RTRS Standard for Responsible Soy Production,4.0,production standard,current supplied version; recheck before release,"5.1.1–5.1.3, pp.28–29","Maintain soil quality, monitor it, and implement erosion-control plan.",shall,producer,soy,global; apply Brazil interpretation/law,producer,B11,Soil condition and biota,B pressure/practice,pressure/state,field/property,annual unless stated,soil cover; erosion risk; condition,% cover; index,first verified measurement,stable/improving,avoid harm / improve,farm records; field,source clause plus program metric specification,annual/seasonal,audit + field sample,E3,high,all; triggers vary,apply strictest law; legal review required,rights screen and accessible grievance required,climate; water; soil; livelihoods as applicable,medium,high,medium,,core universal,desk research,desk reviewed; dual/legal review pending,
RTRS-5.2,RTRS Standard for Responsible Soy Production,4.0,production standard,current supplied version; recheck before release,"5.2.1–5.2.3, pp.29–30","Maintain water quality, monitor irrigation water use, and conserve natural vegetation around water bodies.",shall,producer,soy,global; apply Brazil interpretation/law,producer,B10,Water pressure and freshwater condition,B pressure/practice,pressure/state,property/basin,annual unless stated,withdrawal; incidents; riparian condition,m3; pass/fail; index,first verified measurement,legal; no deterioration; improve,avoid harm / improve,records; GIS; sampling,source clause plus program metric specification,annual/event,audit + field/sample,E3,high,all; triggers vary,apply strictest law; legal review required,rights screen and accessible grievance required,climate; water; soil; livelihoods as applicable,medium,high,medium,,core conditional,desk research,desk reviewed; dual/legal review pending,
RTRS-5.4,RTRS Standard for Responsible Soy Production,4.0,production standard,current supplied version; recheck before release,"5.4.1–5.4.5, pp.30–31","Apply integrated crop management, set input-reduction targets, and monitor pests and natural predators.",shall,producer,soy,global; apply Brazil interpretation/law,producer,B9,Agrochemical pressure,B pressure/practice,pressure,field/property,annual unless stated,IPM evidence; pesticide/toxic-load trajectory,toxic-load/ha,first verified measurement,reduce risk and reliance,avoid harm / improve,application/pest records,source clause plus program metric specification,seasonal/annual,records reconciliation + audit,E3,high,all; triggers vary,apply strictest law; legal review required,rights screen and accessible grievance required,climate; water; soil; livelihoods as applicable,medium,high,medium,,core universal,desk research,desk reviewed; dual/legal review pending,
RTRS-Annex5,RTRS Standard for Responsible Soy Production,4.0,production standard guidance,current supplied version; recheck before release,"Annex 5, pp.47–50","Example indicators include area, canopy, connectivity, bare soil, species, water, fire, and spray drift.",guidance,producer,soy,global; apply Brazil interpretation/law,producer,B3,Habitat condition and integrity,C state/condition,state,property/landscape,annual unless stated,selected fit-for-purpose condition indicators,various,first measurement,improving trend,avoid harm / improve,GIS/field/lab,source clause plus program metric specification,protocol-specific,audit/technical review,E4,high,all; triggers vary,apply strictest law; legal review required,rights screen and accessible grievance required,climate; water; soil; livelihoods as applicable,medium,medium,medium,,leadership,desk research,desk reviewed; dual/legal review pending,
PT-3.1,ProTerra Monitoring and Verification Standard,1.0,MRV standard,current supplied version; recheck before release,"3.1, pp.6–7","Map the supply chain, document suppliers, assess risks, and maintain traceability/due-diligence controls.",must,economic operator,all agricultural commodities,global; apply Brazil interpretation/law,economic operator,B14,Governance traceability assurance and rights,A safeguard,response,portfolio,annual unless stated,traceable sourcing coverage and risk assessment,% volume,current supply base,100% known or controlled risk,avoid harm / improve,procurement/supplier records,source clause plus program metric specification,continuous/annual,third-party management-system audit,E3,high,all; triggers vary,apply strictest law; legal review required,rights screen and accessible grievance required,climate; water; soil; livelihoods as applicable,medium,high,medium,,required safeguard,desk research,desk reviewed; dual/legal review pending,
PT-3.2,ProTerra Monitoring and Verification Standard,1.0,MRV standard,current supplied version; recheck before release,"3.2, pp.7–9","Prevent, mitigate, monitor, communicate and remediate environmental and human-rights risks.",must,economic operator,all agricultural commodities,global; apply Brazil interpretation/law,economic operator,B14,Governance traceability assurance and rights,A safeguard,response,portfolio/landscape,annual unless stated,risk controls; grievances; remediation,pass/fail,current risk assessment,effective controls and remediation,avoid harm / improve,management records; stakeholders,source clause plus program metric specification,annual/event,third-party audit,E3,high,all; triggers vary,apply strictest law; legal review required,rights screen and accessible grievance required,climate; water; soil; livelihoods as applicable,medium,high,medium,,required safeguard,desk research,desk reviewed; dual/legal review pending,
PT-4.1,ProTerra Monitoring and Verification Standard,1.0,MRV standard,current supplied version; recheck before release,"4.1, pp.11–13",Suppliers comply with legal land use and no deforestation/conversion requirements.,must,supplier,all agricultural commodities,global; apply Brazil interpretation/law,supplier,B1,Conversion deforestation and land-use change,A safeguard,pressure,property/portfolio,annual unless stated,legal/no-conversion screen,ha; pass/fail,standard cutoff/applicable law,zero noncompliant sourcing,avoid harm / improve,satellite; records,source clause plus program metric specification,annual/event,supplier sampling + third party,E2,high,all; triggers vary,apply strictest law; legal review required,rights screen and accessible grievance required,climate; water; soil; livelihoods as applicable,medium,high,medium,,required safeguard,desk research,desk reviewed; dual/legal review pending,
PT-4.2.3,ProTerra Monitoring and Verification Standard,1.0,MRV standard,current supplied version; recheck before release,"4.2.3, p.14",Maintain or restore riparian/floodplain and erosion-sensitive natural vegetation; protect wetlands.,must,farmer supplier,all agricultural commodities,global; apply Brazil interpretation/law,farmer supplier,B2,Habitat extent and protection,A safeguard,state/response,property,annual unless stated,riparian/wetland protection/restoration,ha; pass/fail,current/legal baseline,protected/restored,avoid harm / improve,GIS; field evidence,source clause plus program metric specification,annual; condition 2–3y,supplier audit/sample,E2,high,all; triggers vary,apply strictest law; legal review required,rights screen and accessible grievance required,climate; water; soil; livelihoods as applicable,medium,high,medium,,required safeguard,desk research,desk reviewed; dual/legal review pending,
PT-4.2.4,ProTerra Monitoring and Verification Standard,1.0,MRV standard,current supplied version; recheck before release,"4.2.4, p.14","Farmers protect rare, threatened, or endangered wildlife and plant species.",must,farmer supplier,all agricultural commodities,global; apply Brazil interpretation/law,farmer supplier,B6,Species and populations,A safeguard,state,property,annual unless stated,risk screen and protection evidence,pass/fail,current occurrence/risk,protected,avoid harm / improve,records; surveys,source clause plus program metric specification,annual/event,supplier audit/sample,E2,high,all; triggers vary,apply strictest law; legal review required,rights screen and accessible grievance required,climate; water; soil; livelihoods as applicable,medium,high,medium,,required safeguard,desk research,desk reviewed; dual/legal review pending,
PT-4.3.1,ProTerra Monitoring and Verification Standard,1.0,MRV standard,current supplied version; recheck before release,"4.3.1–4.3.5, pp.15–16","Minimize water-quality impacts, protect sensitive ecosystems, monitor/reduce water use.",shall/must,farmer supplier,all agricultural commodities,global; apply Brazil interpretation/law,farmer supplier,B10,Water pressure and freshwater condition,B pressure/practice,pressure/state,property/basin,annual unless stated,water use; incidents; buffers,m3; pass/fail,first verified measurement,reduce/no deterioration,avoid harm / improve,records; sampling; GIS,source clause plus program metric specification,annual/event,supplier audit/sample,E3,high,all; triggers vary,apply strictest law; legal review required,rights screen and accessible grievance required,climate; water; soil; livelihoods as applicable,medium,high,medium,,core conditional,desk research,desk reviewed; dual/legal review pending,
PT-4.3.6,ProTerra Monitoring and Verification Standard,1.0,MRV standard,current supplied version; recheck before release,"4.3.6–4.3.8, p.16",Implement and monitor techniques maintaining soil quality and preventing erosion.,shall/must,farmer supplier,all agricultural commodities,global; apply Brazil interpretation/law,farmer supplier,B11,Soil condition and biota,B pressure/practice,pressure/state,field/property,annual unless stated,soil cover; erosion control; condition,% cover; index,first verified measurement,stable/improving,avoid harm / improve,records; field,source clause plus program metric specification,annual,supplier audit/sample,E3,high,all; triggers vary,apply strictest law; legal review required,rights screen and accessible grievance required,climate; water; soil; livelihoods as applicable,medium,high,medium,,core universal,desk research,desk reviewed; dual/legal review pending,
PT-4.3.9,ProTerra Monitoring and Verification Standard,1.0,MRV standard,current supplied version; recheck before release,"4.3.9–4.3.11, pp.16–17",Do not use listed prohibited agrochemicals and manage applications responsibly.,shall/must,farmer supplier,all agricultural commodities,global; apply Brazil interpretation/law,farmer supplier,B9,Agrochemical pressure,A safeguard,pressure,field/property,annual unless stated,prohibited-input and application check,pass/fail,current list,zero prohibited use,avoid harm / improve,purchase/application records,source clause plus program metric specification,seasonal/annual,supplier audit/sample,E2,high,all; triggers vary,apply strictest law; legal review required,rights screen and accessible grievance required,climate; water; soil; livelihoods as applicable,medium,high,medium,,required safeguard,desk research,desk reviewed; dual/legal review pending,
SBTN-LEAP,SBTN Initial Guidance for Business,initial guidance,target-setting guidance,current supplied version; recheck before release,"LEAP and mitigation hierarchy, supplied document","Locate, evaluate, assess, prioritize, set/act/track using location-specific pressures and state of nature.",guidance,company,all,global; apply Brazil interpretation/law,company,B14,Governance traceability assurance and rights,B pressure/practice,response,portfolio/landscape,annual unless stated,materiality assessment and targets,n/a,materiality baseline,prioritized action and tracking,avoid harm / improve,company/value-chain data,source clause plus program metric specification,periodic,technical review,E4,high,all; triggers vary,apply strictest law; legal review required,rights screen and accessible grievance required,climate; water; soil; livelihoods as applicable,medium,medium,medium,,core universal,desk research,desk reviewed; dual/legal review pending,Verify against current SBTN methods before targets or claims.
SAI-4STEP,SAI Regenerating Together Framework Narrative,1.1,regenerative framework,current supplied version; recheck before release,"four-step process, supplied document","Use context analysis, outcome selection, practice adoption, and progress monitoring; enable implementation groups.",guidance,program/farmer group,all,global; apply Brazil interpretation/law,program/farmer group,B13,Landscape collective action and leakage,B pressure/practice,response,property/landscape,annual unless stated,context plan; practice/outcome monitoring,various,context baseline,continuous improvement,avoid harm / improve,program/farm data,source clause plus program metric specification,annual,program assurance protocol to verify,E4,high,all; triggers vary,apply strictest law; legal review required,rights screen and accessible grievance required,climate; water; soil; livelihoods as applicable,medium,medium,medium,,core universal,desk research,desk reviewed; dual/legal review pending,
IETA-INTEGRITY,IETA COP16 Biodiversity Report,V3,market/policy report,current supplied version; recheck before release,"claims and biodiversity markets, supplied document","Biodiversity finance/credit claims require robust metrics, governance, safeguards, and integrity controls.",context,program/credit developer,all,global; apply Brazil interpretation/law,program/credit developer,B14,Governance traceability assurance and rights,A safeguard,response,project/landscape,annual unless stated,additionality/leakage/permanence/rights evidence,pass/fail,credible counterfactual,method-specific,avoid harm / improve,project data,source clause plus program metric specification,method-specific,independent validation/verification,E4,high,all; triggers vary,apply strictest law; legal review required,rights screen and accessible grievance required,climate; water; soil; livelihoods as applicable,medium,medium,medium,,research/pilot,desk research,desk reviewed; dual/legal review pending,Not a sourcing-standard requirement; do not use routine compliance as a credit.
