metric_id,metric_name,farm_level_output,applicability_trigger,calculation_grain,required_tables,required_fields,provisional_calculation_rule,output_unit,safeguard_or_direction,minimum_frequency,missing_data_rule,key_qa_checks,claim_limit
M01,Traceable sourcing coverage,traceable_volume_pct; unknown_volume_tonnes,all farms/volume,farm x reporting period,farm|geometry|field|sourcing_lot,farm_id; validated property geometry; lot volume; traceability type; origin fields,100 * sum(volume_tonnes where traceability_type supports claim and required origin evidence is verified) / sum(all volume_tonnes),percent; tonnes,safeguard: target 100%; unknown is unresolved,each lot; annual result,missing/unknown lot volume remains in denominator and is not traceable,duplicate lots; volume plausibility; origin field and geometry validity,"state coverage, traceability model, and denominator"
M02,No post-cutoff natural-ecosystem conversion,post_cutoff_conversion_ha; status,all farms,farm x reporting period/cutoff,farm|reporting_period|geometry|habitat_polygon|land_cover_observation|incident,cutoff date; validated boundary; change area/date/type; conversion flag; disposition,sum(area_ha where natural_ecosystem_conversion_flag=yes and change_end_date > applicable_cutoff_date); status fails if >0 confirmed; pending/uncertain is unresolved,ha; pass/fail/unresolved,safeguard: zero confirmed conversion,annual/event,missing historical/current evidence or pending alert = unresolved,gross not net; all natural ecosystems; boundary/version/date; field-check material alerts,"state cutoff, ecosystem scope, coverage, uncertainty"
M03,Legal/protected/riparian/wetland compliance,compliance_status; affected_area_ha,all farms,farm x reporting period,farm|geometry|habitat_polygon|water_source|incident|evidence_register|assurance_finding,legal designation; permit/status; incident/finding status; area,fail if material unresolved noncompliance or disturbance; report gross affected area and open actions separately,pass/fail/unresolved; ha,safeguard: compliant and protected,annual/event,missing required permit/designation evidence = unresolved,CAR not sole proof; overlapping designations not double counted; official/current source,legal compliance only; not an outcome claim
M04,Rights tenure grievance and FPIC screen,rights_status; open_cases_by_severity,all farms,farm x reporting period,farm|rights_grievance|evidence_register|assurance_finding,tenure/right evidence; cases; consent/FPIC; severity; status,fail for confirmed rights violation/invalid required consent; unresolved for disputed/missing rights or open high/critical case pending review; count cases by status/severity,pass/fail/unresolved; count,safeguard: rights respected,continuous/annual,missing rights evidence = unresolved,restricted access; no complaint absence inference; retaliation screen,do not disclose sensitive identities/details
M05,Threatened-species protection and incident screen,protection_status; incidents_count; actions_open,all farms; targeted survey when risk trigger,farm x reporting period,habitat_polygon|species_observation|incident|evidence_register,risk/occurrence; threat-list version; action status; hunting/collection/mortality incidents,fail for prohibited hunting/collection or unaddressed material harm; report observations and open protection actions without treating no records as absence,pass/fail/unresolved; count,safeguard: protect species,annual/event,no occurrence record does not mean absent; missing risk screen = unresolved,expert ID; current list; sensitive locations; action closure,protection evidence only unless standardized response survey
M06,Prohibited pesticide and contamination/buffer breach,prohibited_use_count; breach_count; status,all crop-producing farms,farm x reporting period,pesticide_application|agrochemical_inventory_transaction|incident|evidence_register,registration; active ingredient; prohibited flag; buffer/weather; incidents,fail if any confirmed prohibited application or unremediated material contamination/buffer breach; count and area separately,pass/fail; count; ha,safeguard: zero prohibited use/material breach,each application/event; annual result,missing application/product evidence = unresolved,current prohibited list; purchase/inventory/application reconciliation; incident linkage,compliance/incident claim only
M07,Native/semi-natural habitat extent and annual loss,habitat_extent_ha_pct; gross_loss_ha; gross_gain_ha,all farms,farm x ecosystem class x reporting period,farm|geometry|habitat_polygon|land_cover_observation,property area; polygon class/area; change area/type/confidence,extent_pct=100*unique current habitat polygon area/property area; separately sum confirmed gross_loss and gross_gain by ecosystem class,ha; percent,zero loss; maintain/increase extent,annual,unclassified/uncertain area reported separately and excluded from positive extent claim,unique non-overlap area; boundary consistency; gross not net; confidence,"extent/change only, not condition"
M08,Habitat management plan implementation and condition,actions_completion_pct; condition_score_change,all farms with habitat,habitat polygon x assessment period,habitat_polygon|habitat_management_action|habitat_condition_observation|evidence_register,management plan/actions; raw indicators; method; reference; condition score,action completion=100*verified due actions completed/due actions; condition change=current approved score - comparable baseline score; report by ecosystem/polygon,percent; score points,complete actions; stable/improving condition,actions annual; condition 2-3 yearly/event,no comparable repeat = no condition-change result,same method/season/site or documented adjustment; raw-to-score reproducible,action claim and condition claim reported separately
M09,Riparian/wetland protection and restoration progress,protected_extent_ha; disturbed_ha; restoration_progress,farms with riparian/wetland features,farm/polygon x reporting period,habitat_polygon|land_cover_observation|restoration_observation|incident,designation/class; area; loss/disturbance; restoration interventions/condition,"report unique protected extent, confirmed gross disturbance, hectares under restoration, survival/condition indicators, and reversals separately",ha; percent; condition score,protect; zero disturbance; restoration improves,annual; condition 2-3 yearly,missing mapping/required monitoring = unresolved/no positive claim,no overlap double count; planted ≠ restored; reversal reported,"separate protection, activity, and outcome claims"
M10,Pesticide toxic-load trajectory and IPM,active_ingredient_kg_ha; toxic_load_index_ha; IPM evidence,all crop-producing farms,crop cycle/field x reporting period,crop_cycle|pesticide_application|agrochemical_inventory_transaction|ipm_scouting|evidence_register,amount; concentration; area; active ingredient; approved toxicity factor; scouting/threshold/decision,AI kg/ha=sum(product amount * concentration conversion)/treated area; toxic load=sum(AI mass * approved factor)/managed area; report scouting coverage and decisions; compare like crop/region baseline,kg a.i./ha; index/ha; percent,reduce risk and reliance; prohibited rule separate,each application/scout; annual result,applications without composition/factor reported unknown; not scored as zero,units; duplicate apps; treated vs managed area; factor version; purchase/inventory reconciliation,"modeled pressure, not biodiversity outcome"
M11,Year-round soil cover crop diversity and erosion risk,cover metrics; crop diversity; erosion incidents,all crop-producing farms,field x reporting period,field|crop_cycle|soil_cover_observation|incident,field area; crop/date; living/residue/bare cover; method; erosion risk/signs/incidents,area-weight approved observations by field; report key-window bare/total cover; count distinct crop/functional groups and valid rotations; report erosion-risk area and incidents separately,percent; count; ha; incidents,increase cover/diversity; reduce erosion risk,seasonal/annual/event,missing key-window observations = no annual cover result,percent/domain; field area; shared-area; observation timing/effort; incident linkage,practice/pressure unless condition separately measured
M12,Water-risk screen withdrawal and quality incidents,risk status; withdrawal_m3; intensity; incidents,all farms screen; withdrawal where used; quality where risk-triggered,farm/source/field x reporting period,water_source|water_withdrawal|water_quality_sample|incident|crop_cycle,risk/permit; withdrawal; method; area/production; quality result/QA/threshold; incidents,sum valid withdrawal by source; intensity per irrigated ha and tonne where valid; count exceedances/incidents; quality results only under approved design,m3; m3/ha; m3/tonne; count,legal; reduce/no deterioration where material,monthly/seasonal/annual/event,estimated explicitly; missing permit/required withdrawal data = unresolved,meter reconciliation; permit limit; units; source; rejected samples excluded,do not attribute basin change without design
M13,Restoration survival and condition trajectory,restoration_area; survival_pct; condition_change; reversal,where restoration required/claimed,restoration polygon x reporting period,habitat_polygon|restoration_observation|habitat_condition_observation|incident,polygon/intervention area; sampled/surviving; native cover/richness; condition; reversal,"survival_pct=100*sum(surviving)/sum(sampled) for comparable cohorts; report intervention area, condition change, and reversal area separately",ha; percent; score points,meet milestones; improve; zero reversal,annual; condition 2-3 yearly/event,planted/intervention area cannot substitute for missing survival/condition,cohort/age/method; sample size; area; reversal/incident linkage,do not call area restored from intervention alone
M14,Landscape connectivity index,farm habitat inputs; approved landscape index,priority/fragmented landscape trigger,landscape with farm contribution,geometry|habitat_polygon|land_cover_observation,validated habitat geometry/class/condition/date plus approved landscape context,calculate only with approved transparent landscape method; report farm-controlled habitat/corridor area and index change separately,method-specific index; ha,maintain/improve connectivity,2-3 yearly/event,no index without complete method-required landscape inputs,geometry/topology/date; method version; external vs participant change; leakage,"state method, boundary, attribution limits"
M15,Freshwater quality condition,parameter results/trends/exceedances,material freshwater risk and approved monitoring design,monitoring site/parameter x period,water_source|water_quality_sample|incident,site position; parameter/result/unit; method; QA; threshold/reference; events,report valid raw results and exceedances; calculate trend/comparison only under approved repeated/comparator design,parameter-specific; count,no deterioration/improve,protocol/risk-based/event,rejected/missing samples excluded and coverage disclosed,chain of custody; unit/method comparability; season/flow; upstream/downstream design,no farm causal claim without valid design
M16,Pollinator or bird occupancy/functional diversity,detections; occupancy/diversity estimate,leadership/pilot only,survey site x repeat x season,biological_survey_event|species_observation|geometry,method; effort; conditions; taxon; detections/non-detections; validation,retain raw repeat detections; estimate occupancy/diversity only using pre-approved detection-aware analysis with sufficient repeats/sample,count; estimate with uncertainty,improve biological response,protocol seasonal/repeated,missing repeat/effort prevents occupancy claim; zeros retained only from valid surveys,effort/season/weather/site; ID validation; model assumptions/power,no causal/program claim without design
M17,Soil-biota response,raw lab/field results; approved response indicator,research/pilot only,field/sample x season,biological_survey_event|field|crop_cycle|evidence_register,sample site/time/method/effort; lab/field result; soil/crop context,use approved pilot method; report raw values and change only for comparable samples; no universal score specified,method-specific,research: assess response,pilot protocol,missing context/method/QA prevents comparison,method/lab/season/soil/field comparability; chain of custody,research result only
M18,Invasive-species extent and control efficacy,occupied_area; efficacy; non-target harm,material invasive-species trigger,species x habitat polygon x period,invasive_species_observation|habitat_polygon|incident,species; method; occupied area/density; treatment; follow-up; harm,report occupied area/density; efficacy only from approved comparable baseline/follow-up; separately report treatment and non-target harm,ha; method-specific; percent,reduce priority invasive pressure without harm,annual/event/follow-up,no follow-up = no efficacy result,species ID; area <= polygon; same method/timing; harm escalation,"control outcome only, not generic biodiversity gain"
